{"cameraMode":{"drawMode":0,"name":"Shaded","section":"Shading Mode"},"sceneLighting":false,"audioPlay":false,"sceneViewState":{"m_AlwaysRefresh":false,"showFog":true,"showSkybox":false,"showFlares":true,"showImageEffects":true,"showParticleSystems":true,"showVisualEffectGraphs":true,"m_FxEnabled":true},"in2DMode":false,"pivot":{"x":-0.07371193170547486,"y":0.46901988983154299,"z":3.226001262664795},"rotation":{"x":0.22443431615829469,"y":0.03506522625684738,"z":-0.008120485581457615,"w":0.9738802909851074},"size":4.45570182800293,"orthographic":false}