{"cameraMode":{"drawMode":0,"name":"Shaded","section":"Shading Mode"},"sceneLighting":true,"audioPlay":false,"sceneViewState":{"m_AlwaysRefresh":false,"showFog":true,"showSkybox":true,"showFlares":true,"showImageEffects":true,"showParticleSystems":true,"showVisualEffectGraphs":true,"m_FxEnabled":true},"in2DMode":false,"pivot":{"x":98.67879486083985,"y":795.7745361328125,"z":-535.836669921875},"rotation":{"x":0.07220900803804398,"y":-0.03259860351681709,"z":0.0023605083115398885,"w":0.9968622326850891},"size":108.84449005126953,"orthographic":false}