{"cameraMode":{"drawMode":0,"name":"Shaded","section":"Shading Mode"},"sceneLighting":true,"audioPlay":false,"sceneViewState":{"m_AlwaysRefresh":false,"showFog":true,"showSkybox":true,"showFlares":true,"showImageEffects":true,"showParticleSystems":true,"showVisualEffectGraphs":true,"m_FxEnabled":true},"in2DMode":false,"pivot":{"x":1151.5272216796875,"y":565.349365234375,"z":1295.18603515625},"rotation":{"x":0.004807932302355766,"y":0.028805991634726526,"z":-0.00013881536142434925,"w":0.9995785355567932},"size":1331.5042724609375,"orthographic":false}