{"cameraMode":{"drawMode":0,"name":"Shaded","section":"Shading Mode"},"sceneLighting":true,"audioPlay":false,"sceneViewState":{"m_AlwaysRefresh":false,"showFog":true,"showSkybox":true,"showFlares":true,"showImageEffects":true,"showParticleSystems":true,"showVisualEffectGraphs":true,"m_FxEnabled":true},"in2DMode":false,"pivot":{"x":1178.5655517578125,"y":596.8386840820313,"z":-1012.7490234375},"rotation":{"x":-0.051288992166519168,"y":-0.0012164466315880418,"z":0.000048494970542378724,"w":-0.9987078905105591},"size":1153.3388671875,"orthographic":true}