{"cameraMode":{"drawMode":0,"name":"Shaded","section":"Shading Mode"},"sceneLighting":true,"audioPlay":false,"sceneViewState":{"m_AlwaysRefresh":false,"showFog":true,"showSkybox":true,"showFlares":true,"showImageEffects":true,"showParticleSystems":true,"showVisualEffectGraphs":true,"m_FxEnabled":true},"in2DMode":false,"pivot":{"x":1255.6817626953125,"y":745.4530639648438,"z":-833.2886962890625},"rotation":{"x":-0.04679431393742561,"y":0.00028174128965474665,"z":-0.000027170421162736602,"w":-0.9989293217658997},"size":834.373779296875,"orthographic":true}