{"cameraMode":{"drawMode":0,"name":"Shaded","section":"Shading Mode"},"sceneLighting":true,"audioPlay":false,"sceneViewState":{"m_AlwaysRefresh":false,"showFog":true,"showSkybox":true,"showFlares":true,"showImageEffects":true,"showParticleSystems":true,"showVisualEffectGraphs":true,"m_FxEnabled":true},"in2DMode":false,"pivot":{"x":1062.5948486328125,"y":890.9102172851563,"z":139.74435424804688},"rotation":{"x":0.05876901373267174,"y":-0.01616084761917591,"z":0.0009370139450766146,"w":0.9981521964073181},"size":534.8003540039063,"orthographic":false}