{"cameraMode":{"drawMode":0,"name":"Shaded","section":"Shading Mode"},"sceneLighting":true,"audioPlay":false,"sceneViewState":{"m_AlwaysRefresh":false,"showFog":true,"showSkybox":true,"showFlares":true,"showImageEffects":true,"showParticleSystems":true,"showVisualEffectGraphs":true,"m_FxEnabled":true},"in2DMode":false,"pivot":{"x":-3.8167366981506349,"y":-2.0635271072387697,"z":15.75809097290039},"rotation":{"x":-0.14913582801818849,"y":0.20342838764190675,"z":-0.03139819577336311,"w":-0.9672159552574158},"size":12.269842147827149,"orthographic":false}