{"cameraMode":{"drawMode":0,"name":"Shaded","section":"Shading Mode"},"sceneLighting":true,"audioPlay":false,"sceneViewState":{"m_AlwaysRefresh":false,"showFog":true,"showSkybox":true,"showFlares":true,"showImageEffects":true,"showParticleSystems":true,"showVisualEffectGraphs":true,"m_FxEnabled":true},"in2DMode":false,"pivot":{"x":3.5790045261383058,"y":2.5136866569519045,"z":2.5013716220855715},"rotation":{"x":0.2958110272884369,"y":-0.006867870222777128,"z":0.0021266185212880375,"w":0.9552279710769653},"size":5.6144490242004398,"orthographic":false}