{"cameraMode":{"drawMode":0,"name":"Shaded","section":"Shading Mode"},"sceneLighting":true,"audioPlay":false,"sceneViewState":{"m_AlwaysRefresh":false,"showFog":true,"showSkybox":true,"showFlares":true,"showImageEffects":true,"showParticleSystems":true,"showVisualEffectGraphs":true,"m_FxEnabled":true},"in2DMode":false,"pivot":{"x":828.249267578125,"y":877.6119384765625,"z":-545.9119873046875},"rotation":{"x":0.08869214355945587,"y":0.006284929346293211,"z":-0.0005765225505456328,"w":0.9960494041442871},"size":183.62808227539063,"orthographic":false}